{"cameraMode":{"drawMode":0,"name":"Shaded","section":"Shading Mode"},"sceneLighting":false,"audioPlay":false,"sceneViewState":{"showFog":true,"showMaterialUpdate":false,"showSkybox":true,"showFlares":true,"showImageEffects":true,"showParticleSystems":true},"in2DMode":false,"pivot":{"x":4.480935573577881,"y":6.207554340362549,"z":5.6969828605651859},"rotation":{"x":0.05771322548389435,"y":-0.4528335928916931,"z":0.0293872207403183,"w":0.8892484903335571},"size":7.647906303405762,"orthographic":false}