{"cameraMode":{"drawMode":0,"name":"Shaded","section":"Shading Mode"},"sceneLighting":false,"audioPlay":false,"sceneViewState":{"showFog":true,"showMaterialUpdate":false,"showSkybox":true,"showFlares":true,"showImageEffects":true,"showParticleSystems":true},"in2DMode":false,"pivot":{"x":-17.809879302978517,"y":47.26921081542969,"z":-3.0134124755859377},"rotation":{"x":-0.2664240300655365,"y":0.3224983215332031,"z":-0.09512417018413544,"w":-0.9033192992210388},"size":220.49710083007813,"orthographic":false}