{"cameraMode":{"drawMode":0,"name":"Shaded","section":"Shading Mode"},"sceneLighting":false,"audioPlay":false,"sceneViewState":{"showFog":true,"showMaterialUpdate":false,"showSkybox":true,"showFlares":true,"showImageEffects":true,"showParticleSystems":true},"in2DMode":false,"pivot":{"x":0.995905876159668,"y":-0.10701416432857514,"z":10.548807144165039},"rotation":{"x":0.11248695850372315,"y":0.038737572729587558,"z":-0.0043968153186142448,"w":0.9929101467132568},"size":1.8760403394699097,"orthographic":false}