{"cameraMode":{"drawMode":0,"name":"Shaded","section":"Shading Mode"},"sceneLighting":false,"audioPlay":false,"sceneViewState":{"showFog":true,"showMaterialUpdate":false,"showSkybox":true,"showFlares":true,"showImageEffects":true,"showParticleSystems":true},"in2DMode":false,"pivot":{"x":-0.18954408168792725,"y":0.4972068965435028,"z":2.8399999141693117},"rotation":{"x":-0.4092657268047333,"y":0.31998637318611147,"z":-0.15588483214378358,"w":-0.8401380181312561},"size":2.1853678226470949,"orthographic":false}