{"cameraMode":{"drawMode":0,"name":"Shaded","section":"Shading Mode"},"sceneLighting":false,"audioPlay":false,"sceneViewState":{"showFog":true,"showMaterialUpdate":false,"showSkybox":true,"showFlares":true,"showImageEffects":true,"showParticleSystems":true},"in2DMode":false,"pivot":{"x":9.67962646484375,"y":5.938087463378906,"z":11.332295417785645},"rotation":{"x":-0.019132398068904878,"y":-0.6501175165176392,"z":-0.01638277992606163,"w":0.7594252824783325},"size":7.647907733917236,"orthographic":false}