{"cameraMode":{"drawMode":0,"name":"Shaded","section":"Shading Mode"},"sceneLighting":false,"audioPlay":false,"sceneViewState":{"showFog":true,"showMaterialUpdate":false,"showSkybox":true,"showFlares":true,"showImageEffects":true,"showParticleSystems":true},"in2DMode":false,"pivot":{"x":3.3310747146606447,"y":1.263679027557373,"z":7.625678539276123},"rotation":{"x":0.2204122096300125,"y":0.0248648002743721,"z":-0.005622362717986107,"w":0.9750789999961853},"size":7.647906303405762,"orthographic":false}