{"cameraMode":{"drawMode":0,"name":"Shaded","section":"Shading Mode"},"sceneLighting":true,"audioPlay":false,"sceneViewState":{"showFog":true,"showMaterialUpdate":false,"showSkybox":true,"showFlares":true,"showImageEffects":true,"showParticleSystems":true},"in2DMode":false,"pivot":{"x":1.7301149368286133,"y":8.602459907531739,"z":60.44631576538086},"rotation":{"x":0.03449994698166847,"y":-0.004962237551808357,"z":-0.0007855076109990478,"w":-0.9995936155319214},"size":68.03160858154297,"orthographic":false}