{"cameraMode":{"drawMode":0,"name":"Shaded","section":"Shading Mode"},"sceneLighting":false,"audioPlay":false,"sceneViewState":{"showFog":true,"showMaterialUpdate":false,"showSkybox":true,"showFlares":true,"showImageEffects":true,"showParticleSystems":true},"in2DMode":false,"pivot":{"x":3.4100000858306886,"y":0.75,"z":17.559999465942384},"rotation":{"x":0.05440849810838699,"y":-0.8952697515487671,"z":0.11329374462366104,"w":0.42771607637405398},"size":7.647907733917236,"orthographic":false}