{"cameraMode":{"drawMode":0,"name":"Shaded","section":"Shading Mode"},"sceneLighting":false,"audioPlay":false,"sceneViewState":{"showFog":true,"showMaterialUpdate":false,"showSkybox":true,"showFlares":true,"showImageEffects":true,"showParticleSystems":true},"in2DMode":false,"pivot":{"x":4.71077823638916,"y":2.650383949279785,"z":3.5292234420776369},"rotation":{"x":0.24245817959308625,"y":-0.2860163748264313,"z":0.07477989792823792,"w":0.924160361289978},"size":7.64790678024292,"orthographic":false}