{"cameraMode":{"drawMode":0,"name":"Shaded","section":"Shading Mode"},"sceneLighting":false,"audioPlay":false,"sceneViewState":{"showFog":true,"showMaterialUpdate":false,"showSkybox":true,"showFlares":true,"showImageEffects":true,"showParticleSystems":true},"in2DMode":false,"pivot":{"x":1.1599998474121094,"y":0.6640000343322754,"z":-0.25},"rotation":{"x":0.19747629761695863,"y":-0.5187439918518066,"z":0.12433529645204544,"w":0.822622537612915},"size":9.976702690124512,"orthographic":false}