{"cameraMode":{"drawMode":0,"name":"Shaded","section":"Shading Mode"},"sceneLighting":false,"audioPlay":false,"sceneViewState":{"showFog":true,"showMaterialUpdate":false,"showSkybox":true,"showFlares":true,"showImageEffects":true,"showParticleSystems":true},"in2DMode":false,"pivot":{"x":-1874.14013671875,"y":7.08831787109375,"z":7741.357421875},"rotation":{"x":-0.20629753172397614,"y":0.031704626977443698,"z":-0.006690393202006817,"w":-0.9779610633850098},"size":26958.763671875,"orthographic":false}