{"cameraMode":{"drawMode":0,"name":"Shaded","section":"Shading Mode"},"sceneLighting":false,"audioPlay":false,"sceneViewState":{"showFog":true,"showMaterialUpdate":false,"showSkybox":true,"showFlares":true,"showImageEffects":true,"showParticleSystems":true},"in2DMode":false,"pivot":{"x":4.588558673858643,"y":3.7315266132354738,"z":4.051233768463135},"rotation":{"x":0.17040272057056428,"y":-0.278256356716156,"z":0.049959708005189899,"w":0.9440850615501404},"size":7.64790678024292,"orthographic":false}