{"cameraMode":{"drawMode":0,"name":"Shaded","section":"Shading Mode"},"sceneLighting":false,"audioPlay":false,"sceneViewState":{"showFog":true,"showMaterialUpdate":false,"showSkybox":true,"showFlares":true,"showImageEffects":true,"showParticleSystems":true},"in2DMode":false,"pivot":{"x":3.3310747146606447,"y":1.263679027557373,"z":7.625678539276123},"rotation":{"x":0.19747629761695863,"y":-0.5187439918518066,"z":0.12433529645204544,"w":0.822622537612915},"size":7.647906303405762,"orthographic":false}