{"cameraMode":{"drawMode":0,"name":"Shaded","section":"Shading Mode"},"sceneLighting":false,"audioPlay":false,"sceneViewState":{"showFog":true,"showMaterialUpdate":false,"showSkybox":true,"showFlares":true,"showImageEffects":true,"showParticleSystems":true},"in2DMode":false,"pivot":{"x":0.5661482810974121,"y":0.2616543769836426,"z":20.435007095336915},"rotation":{"x":-0.002930612536147237,"y":-0.1391405165195465,"z":-0.0007169973687268794,"w":0.9903944134712219},"size":7.647907733917236,"orthographic":false}