{"cameraMode":{"drawMode":0,"name":"Shaded","section":"Shading Mode"},"sceneLighting":false,"audioPlay":false,"sceneViewState":{"showFog":true,"showMaterialUpdate":false,"showSkybox":true,"showFlares":true,"showImageEffects":true,"showParticleSystems":true},"in2DMode":false,"pivot":{"x":3.4100003242492677,"y":0.75,"z":17.559999465942384},"rotation":{"x":0.13318252563476563,"y":-0.3446465730667114,"z":0.04935353621840477,"w":0.9280468821525574},"size":5.12041711807251,"orthographic":false}