{"cameraMode":{"drawMode":0,"name":"Shaded","section":"Shading Mode"},"sceneLighting":false,"audioPlay":false,"sceneViewState":{"showFog":true,"showMaterialUpdate":false,"showSkybox":true,"showFlares":true,"showImageEffects":true,"showParticleSystems":true},"in2DMode":false,"pivot":{"x":0.49966713786125185,"y":0.3646567165851593,"z":3.1527299880981447},"rotation":{"x":-0.10153031349182129,"y":-0.34126612544059756,"z":0.037107713520526889,"w":-0.9337345361709595},"size":2.1853678226470949,"orthographic":false}