{"cameraMode":{"drawMode":0,"name":"Shaded","section":"Shading Mode"},"sceneLighting":false,"audioPlay":false,"sceneViewState":{"showFog":true,"showMaterialUpdate":false,"showSkybox":true,"showFlares":true,"showImageEffects":true,"showParticleSystems":true},"in2DMode":false,"pivot":{"x":1.3361396789550782,"y":1.2195121049880982,"z":10.211697578430176},"rotation":{"x":-0.0021966116037219764,"y":0.9717232584953308,"z":-0.009046608582139016,"w":-0.2359427809715271},"size":1.7933300733566285,"orthographic":false}