{"cameraMode":{"drawMode":0,"name":"Shaded","section":"Shading Mode"},"sceneLighting":true,"audioPlay":false,"sceneViewState":{"showFog":true,"showMaterialUpdate":false,"showSkybox":true,"showFlares":true,"showImageEffects":true,"showParticleSystems":true},"in2DMode":false,"pivot":{"x":3.382380723953247,"y":-0.7085397243499756,"z":3.498440742492676},"rotation":{"x":0.16459977626800538,"y":0.31044986844062807,"z":-0.05465133115649223,"w":0.9346705675125122},"size":9.976702690124512,"orthographic":false}