{"cameraMode":{"drawMode":0,"name":"Shaded","section":"Shading Mode"},"sceneLighting":false,"audioPlay":false,"sceneViewState":{"showFog":true,"showMaterialUpdate":false,"showSkybox":true,"showFlares":true,"showImageEffects":true,"showParticleSystems":true},"in2DMode":false,"pivot":{"x":4.311374187469482,"y":1.580589771270752,"z":10.16940689086914},"rotation":{"x":0.16105253994464875,"y":0.11635984480381012,"z":-0.019099917262792589,"w":0.9798909425735474},"size":7.647906303405762,"orthographic":false}