{"cameraMode":{"drawMode":0,"name":"Shaded","section":"Shading Mode"},"sceneLighting":true,"audioPlay":false,"sceneViewState":{"showFog":true,"showMaterialUpdate":false,"showSkybox":true,"showFlares":true,"showImageEffects":true,"showParticleSystems":true},"in2DMode":false,"pivot":{"x":9.082955360412598,"y":3.1232070922851564,"z":8.914788246154786},"rotation":{"x":-0.1784759759902954,"y":-0.30681630969047549,"z":0.05868862569332123,"w":-0.9330463409423828},"size":22.0,"orthographic":false}