{"cameraMode":{"drawMode":0,"name":"Shaded","section":"Shading Mode"},"sceneLighting":false,"audioPlay":false,"sceneViewState":{"showFog":true,"showMaterialUpdate":false,"showSkybox":true,"showFlares":true,"showImageEffects":true,"showParticleSystems":true},"in2DMode":false,"pivot":{"x":-0.5143803358078003,"y":0.07833699882030487,"z":15.47834300994873},"rotation":{"x":-0.07828404754400253,"y":0.7410734295845032,"z":-0.0877937600016594,"w":-0.6610633134841919},"size":7.647907733917236,"orthographic":false}